{"cameraMode":{"drawMode":0,"name":"Shaded","section":"Shading Mode"},"sceneLighting":true,"audioPlay":false,"sceneViewState":{"m_AlwaysRefresh":false,"showFog":true,"showSkybox":true,"showFlares":true,"showImageEffects":true,"showParticleSystems":true,"showVisualEffectGraphs":true,"m_FxEnabled":true},"in2DMode":false,"pivot":{"x":-0.6407164335250855,"y":2.4668397903442385,"z":-0.10211348533630371},"rotation":{"x":0.22445759177207948,"y":0.1250441074371338,"z":-0.029018869623541833,"w":0.966018795967102},"size":3.7591283321380617,"orthographic":false}